Bundesland,Wahlkreis Nummer,Wahlkreis Name,Anzahl Gemeinden,Fläche km2,Bevölkerung in Tsd,davon Deutsche in Tsd,Ausländer*innenanteil %,Bevölkerungsdichte je km2,Geburtensaldo,Wanderungssaldo,Alter unter 18 %,Alter 18-24 %,Alter 25-34 %,Alter 35-59 %,Alter 60-74 %,Bodenfläche Siedlung und Verkehr,Bodenfläche Vegetation & Gewässer,Fertiggestellte Wohnungen 2021 je Tsd Einwohner*innen,Bestand an Wohnungen 2021 je Tsd Einwohner*innen,Wohnfläche je Wohnnung 2021,Wohnfläche 2021 je Tsd Einwohner*innen,PKW insgesamt je Tsd Einwohner*innen,PKW Elektro oder Hybrid %,Unternehmen 2021 je Tsd Einwohner*innen,Handwerksunternehmen 2021 je Tsd Einwohner*innen,Schulabgänger*innen beruflicher Schulen 2022 je Tsd Einwohner*innen,Schulabgänger*innen insgesamt ohne Externe je Tsd Einwohner*innen,Schulabgänger*innen ohne Hauptschulabschluss %,Schulabgänger*innen mit Hauptschulabschluss %,Schulabgänger*innen mit Realschulabschluss %,Schulabgänger*innen mit allgemeiner und Fachhochschulreife %,Quote betreute Kinder unter 3 Jahre %,Quote betreute Kinder 3-5 Jahre %,Verfügbares Einkommen der privaten Haushalte 2021 EUR je Einwohner*in,BIP je Einwohner*in 2021,Sozialversicherungspflichtig je Tsd Einwohner*innen,"Anteil Sozialversicherungspflichtiger in Land-, Forstwirtschaft & Fisherei %",Anteil Sozialversicherungspflichtiger im produzierenden Gewerbe %,"Anteil Sozialversicherungspflichtiger im Handel, Gastgewerbe, Verkehr %",Anteil Sozialversicherungspflichtige öffentliche und private Dienstleister %,Anteil Sozialversicherungspflichtige übrige Dienstleister %,Empfänger*innen Leistungen SGB II je Tsd Einwohner*innen,Anteil SGB II Empfänger*innen nichterwerbsfähige Hilfebedürftige %,Anteil SGB II Empfänger*innen Ausländer*innen %,Arbeitslosenquote insgesamt %,Arbeitslosenquote Männer %,Arbeitslosenquote Frauen %,Arbeitslosenquote 15-24 %,Arbeitslosenquote 55-64 %
Baden-Württemberg,258,Stuttgart 1,1.0,113.8,299.5,227.0,24.2,2633.0,-0.5,10.9,15.6,8.1,17.2,34.8,14.4,51.8,48.2,3.1,522.2,75.0,39.2,489.2,10.8,46.2,4.9,4.6,8.0,7.6,11.4,38.3,42.7,41.8,91.4,26888.0,87132.0,721.3,0.1,22.8,14.0,35.4,27.8,68.1,25.4,57.9,5.8,5.9,5.8,4.6,7.0
Baden-Württemberg,259,Stuttgart 2,1.0,93.6,313.6,218.9,30.2,3351.3,-0.5,10.9,15.6,8.1,17.2,34.8,14.4,51.8,48.2,3.1,522.2,75.0,39.2,489.2,10.8,46.2,4.9,4.6,8.0,7.6,11.4,38.3,42.7,41.8,91.4,26888.0,87132.0,721.3,0.1,22.8,14.0,35.4,27.8,68.1,25.4,57.9,5.8,5.9,5.8,4.6,7.0
Baden-Württemberg,260,Böblingen,23.0,563.2,371.5,294.8,20.6,659.7,-0.2,13.9,18.6,6.8,12.6,34.3,16.9,24.0,76.0,3.7,478.3,93.5,44.7,670.5,11.9,37.7,5.6,4.2,8.5,6.9,12.0,51.8,29.3,30.2,88.4,27338.0,67016.0,477.0,0.1,37.8,20.4,24.4,17.3,42.1,28.7,66.4,3.9,3.9,3.9,2.8,4.5
Baden-Württemberg,261,Esslingen,15.0,208.7,252.8,199.6,21.1,1211.6,-1.5,16.0,17.4,7.4,13.4,34.4,16.4,30.5,69.5,3.5,495.0,86.2,42.7,643.7,8.9,41.0,6.7,3.1,9.0,5.3,14.4,46.5,33.9,29.3,90.0,27106.0,44985.0,419.6,0.4,36.3,21.2,21.7,20.4,47.0,26.8,61.6,4.0,4.2,3.6,3.4,4.4
Baden-Württemberg,262,Nürtingen,31.0,465.0,298.3,244.6,18.0,641.5,-1.6,13.8,17.2,7.1,12.5,34.1,18.2,22.1,77.9,3.0,488.8,92.5,45.2,645.0,9.1,40.8,6.6,3.1,9.0,5.4,14.3,46.7,33.6,29.3,89.9,27118.0,46101.0,422.5,0.4,36.4,21.1,21.9,20.2,46.7,26.8,61.8,3.9,4.2,3.6,3.4,4.4
Baden-Württemberg,263,Göppingen,38.0,642.3,259.2,209.2,19.3,403.6,-2.5,14.0,17.6,7.1,12.0,33.4,18.7,17.0,83.0,3.3,483.1,93.0,44.9,658.7,6.7,40.4,7.5,3.5,8.8,7.5,18.1,51.0,23.4,24.2,91.7,25798.0,33499.0,340.5,0.3,39.4,20.2,15.6,24.5,53.3,29.0,60.6,4.8,5.0,4.6,4.4,5.2
Baden-Württemberg,264,Waiblingen,18.0,513.3,332.4,271.7,18.3,647.6,-2.0,13.2,17.6,7.0,12.3,33.9,18.0,20.2,79.8,4.0,478.4,89.7,42.9,621.1,7.3,42.2,7.7,3.8,8.8,6.2,15.6,50.9,27.3,28.2,91.5,26685.0,37672.0,350.5,0.5,38.4,20.4,15.6,25.0,49.4,27.6,59.8,4.2,4.5,4.0,3.1,4.8
Baden-Württemberg,265,Ludwigsburg,16.0,361.5,323.3,254.5,21.3,894.4,-0.4,11.3,18.1,7.1,13.1,34.7,16.6,28.0,72.0,2.9,497.4,87.6,43.6,635.7,7.7,38.5,6.4,2.5,9.1,6.1,14.7,48.5,30.7,30.4,93.4,27597.0,46084.0,402.9,0.7,34.6,22.9,21.0,20.8,43.0,29.0,63.7,3.9,4.0,3.8,3.9,4.2
Baden-Württemberg,266,Neckar Zaber,39.0,642.4,330.8,273.9,17.2,515.0,-1.0,13.0,18.2,6.9,12.0,34.6,18.1,21.0,79.0,3.0,477.9,97.5,46.6,664.2,8.3,38.5,6.9,1.8,8.6,6.3,15.9,49.0,28.8,29.2,92.1,27154.0,50676.0,409.9,0.7,37.9,21.8,20.4,19.2,41.8,28.8,62.0,3.9,3.9,3.8,3.6,4.3
Baden-Württemberg,267,Heilbronn,32.0,904.9,373.6,292.4,21.7,412.9,-1.1,19.9,18.2,7.7,13.3,33.9,17.3,19.5,80.5,3.9,467.2,94.1,44.0,654.1,8.7,39.9,7.4,4.9,8.8,6.8,18.8,49.5,25.0,26.2,90.6,27390.0,60806.0,479.0,0.5,34.6,21.1,22.1,21.7,51.1,27.3,58.7,4.7,4.7,4.7,3.6,5.3
Baden-Württemberg,268,Schwäbisch Hall   Hohenlohe,46.0,2260.8,315.9,270.1,14.5,139.7,-1.3,18.2,18.1,7.4,12.7,33.7,18.9,12.9,87.1,4.9,473.7,101.1,47.9,709.0,7.2,39.1,7.6,4.0,9.2,7.7,20.3,49.0,23.0,23.7,91.1,25402.0,50795.0,479.9,0.8,46.1,22.7,12.7,17.7,34.5,26.7,54.4,3.6,3.6,3.6,3.5,4.1
Baden-Württemberg,269,Backnang   Schwäbisch Gmünd,34.0,838.7,252.3,213.9,15.2,300.8,-3.0,15.8,17.7,7.3,12.0,33.3,19.0,15.4,84.6,3.8,475.2,96.3,45.7,648.5,6.7,40.0,7.3,4.1,9.5,6.4,16.1,49.4,28.1,27.7,92.3,26380.0,43300.0,392.0,0.5,43.3,18.1,13.5,24.6,43.5,27.1,54.0,3.8,4.0,3.6,2.7,4.7
Baden-Württemberg,270,Aalen   Heidenheim,32.0,1644.6,307.9,261.8,15.0,187.2,-2.4,18.1,17.3,7.5,12.4,33.4,18.8,12.8,87.2,3.6,482.5,97.7,47.2,659.2,6.0,36.6,6.7,3.9,9.8,7.6,18.2,46.5,27.7,27.2,92.3,25423.0,43749.0,411.5,0.4,45.8,17.4,13.3,23.0,42.6,26.5,49.7,4.0,4.0,4.1,3.0,5.1
Baden-Württemberg,271,Karlsruhe Stadt,1.0,173.4,308.2,246.5,20.0,1777.1,-2.0,10.8,14.4,10.0,17.3,32.8,15.7,46.9,53.1,1.4,519.9,80.6,41.9,458.6,9.0,43.8,5.6,4.4,7.7,6.5,9.0,40.9,43.6,43.0,92.6,23832.0,72092.0,608.2,0.0,14.8,21.0,37.1,27.1,53.4,23.4,42.0,4.8,5.0,4.5,3.6,5.6
Baden-Württemberg,272,Karlsruhe Land,21.0,718.4,291.7,247.7,15.1,406.1,-3.7,15.3,17.1,6.5,11.3,34.1,19.7,17.5,82.5,3.7,476.2,103.4,49.2,633.4,6.8,39.6,7.9,3.5,8.8,6.9,17.4,51.3,24.4,35.9,90.5,25606.0,38549.0,358.0,0.4,34.6,20.7,23.7,20.6,38.1,27.1,56.8,3.9,4.0,3.9,3.8,4.3
Baden-Württemberg,273,Rastatt,24.0,878.6,287.9,235.5,18.2,327.6,-4.7,18.9,16.6,6.7,11.4,33.7,20.3,15.1,84.9,2.9,502.9,98.1,49.4,662.8,7.9,39.8,6.3,4.1,8.6,6.9,17.4,50.2,25.4,35.8,89.5,26568.0,46275.0,427.8,0.5,42.5,18.8,16.6,21.6,49.4,26.5,59.4,4.5,4.4,4.6,3.4,5.2
Baden-Württemberg,274,Heidelberg,12.0,305.5,321.6,264.1,17.9,1052.6,-2.1,15.7,15.9,10.1,14.9,32.3,16.1,27.3,72.7,2.1,514.6,86.2,44.4,525.4,8.2,43.3,5.6,3.6,8.2,4.5,11.9,37.6,46.0,45.2,91.1,25785.0,48936.0,478.1,0.2,17.8,16.7,28.5,36.7,45.0,25.4,48.6,4.4,4.7,4.1,2.6,5.4
Baden-Württemberg,275,Mannheim,1.0,145.0,316.3,229.9,27.3,2181.5,-1.7,12.9,15.9,9.6,17.0,33.1,15.3,58.2,41.8,4.7,545.8,75.3,41.1,499.0,8.6,43.7,6.0,3.2,8.5,8.5,14.9,41.3,35.3,30.5,79.7,22997.0,69321.0,628.0,0.1,26.2,21.8,29.3,22.7,95.0,26.0,48.2,7.6,7.4,7.8,2.9,9.0
Baden-Württemberg,276,Odenwald   Tauber,45.0,2430.1,279.1,244.8,12.3,114.9,-3.9,17.0,16.8,7.0,11.5,32.9,20.9,11.2,88.8,4.9,492.1,105.1,51.7,681.5,5.8,36.9,7.2,4.9,9.4,8.4,19.9,47.1,24.6,30.4,92.4,24346.0,36955.0,374.1,0.6,43.4,18.0,9.9,28.1,35.0,27.1,50.2,3.6,3.6,3.6,2.9,4.6
Baden-Württemberg,277,Rhein Neckar,34.0,724.8,276.2,236.0,14.6,381.1,-2.9,16.3,17.5,6.8,11.5,34.0,19.6,17.8,82.2,3.5,479.8,104.2,50.0,647.4,7.9,41.1,7.0,3.1,7.6,7.2,13.8,44.6,34.4,37.8,93.3,26909.0,39319.0,330.8,0.4,26.5,20.2,29.4,23.5,46.1,26.4,52.8,4.2,4.4,4.0,3.3,4.9
Baden-Württemberg,278,Bruchsal   Schwetzingen,20.0,506.6,278.8,234.7,15.8,550.3,-3.3,15.8,17.2,6.7,12.1,34.8,18.9,23.9,76.1,3.7,475.6,101.3,48.2,639.2,7.2,40.3,7.5,3.3,8.4,7.0,16.1,48.8,28.1,36.6,91.7,26144.0,38867.0,346.8,0.4,31.4,20.5,25.9,21.7,41.4,26.7,55.0,4.0,4.1,3.9,3.6,4.6
Baden-Württemberg,279,Pforzheim,29.0,671.6,335.0,264.1,21.2,498.8,-2.2,15.4,18.2,7.5,12.5,33.1,18.1,19.0,81.0,2.7,472.3,94.2,44.5,600.4,6.7,41.4,7.1,3.2,8.6,7.5,17.3,46.9,28.3,25.2,84.8,25925.0,36811.0,372.4,0.2,40.7,20.8,15.1,23.2,57.3,29.2,59.1,4.8,4.7,4.9,3.7,5.1
Baden-Württemberg,280,Calw,41.0,1667.7,283.1,237.1,16.3,169.7,-2.5,17.0,17.7,7.2,11.8,33.3,19.6,10.8,89.2,4.2,493.8,95.6,47.2,676.0,7.6,39.9,8.0,4.5,8.8,7.4,16.8,54.1,21.7,27.0,91.5,25855.0,35751.0,355.1,0.4,40.4,23.3,9.3,26.6,38.5,26.2,54.8,3.9,4.0,3.8,3.1,4.6
Baden-Württemberg,281,Freiburg,20.0,452.8,328.6,274.0,16.6,725.6,0.2,16.4,16.5,10.0,16.4,31.8,16.1,21.3,78.7,3.9,497.1,81.0,40.3,459.8,6.8,45.0,5.7,4.8,9.3,7.3,10.6,39.1,43.1,45.0,96.4,23885.0,51597.0,509.3,0.4,17.8,20.7,19.8,41.4,56.8,26.8,46.2,4.8,5.3,4.3,3.0,5.1
Baden-Württemberg,282,Lörrach   Müllheim,48.0,1155.1,336.2,277.4,17.5,291.0,-3.4,18.3,18.0,6.8,11.9,33.5,19.1,13.8,86.2,3.6,476.3,96.0,45.7,593.9,6.9,38.9,6.8,2.2,9.0,5.4,15.7,49.6,29.3,32.9,92.1,27332.0,34080.0,330.4,1.0,36.1,24.2,13.2,25.6,46.7,28.4,52.9,4.6,4.8,4.4,2.9,5.0
Baden-Württemberg,283,Emmendingen   Lahr,41.0,1204.2,306.1,261.8,14.5,254.2,-1.9,20.4,18.1,7.1,11.9,33.6,19.3,12.4,87.6,5.0,464.7,98.2,45.6,629.2,5.8,40.8,7.3,3.4,8.1,8.3,18.2,49.4,24.1,34.9,92.5,25021.0,39213.0,384.8,0.7,39.6,20.7,12.7,26.3,38.2,28.2,54.8,3.4,3.5,3.3,3.0,3.6
Baden-Württemberg,284,Offenburg,29.0,1094.5,286.5,245.0,14.5,261.7,-2.8,18.9,17.5,7.0,12.2,33.2,19.7,13.7,86.3,4.0,469.4,99.9,46.9,637.6,5.8,40.5,6.8,3.7,9.6,6.7,19.5,48.0,25.8,35.0,92.7,24956.0,43671.0,441.2,0.6,36.5,23.5,14.4,25.1,42.6,28.8,51.9,3.9,3.9,3.9,3.4,4.2
Baden-Württemberg,285,Rottweil   Tuttlingen,56.0,1503.8,285.3,236.5,17.1,189.7,-1.3,17.2,18.7,7.3,12.4,33.1,18.5,13.0,87.0,5.0,483.1,99.9,48.2,668.3,6.7,42.8,7.7,3.7,9.2,7.1,19.2,48.1,25.7,27.0,89.0,26959.0,47270.0,454.5,0.2,57.0,15.2,8.9,18.6,36.5,29.7,61.1,4.0,4.1,3.8,4.5,3.8
Baden-Württemberg,286,Schwarzwald Baar,25.0,1266.8,234.3,191.4,18.3,185.0,-3.5,19.1,17.6,7.1,12.3,32.3,19.4,10.6,89.4,5.7,510.8,91.6,46.8,635.9,6.8,40.7,6.8,4.3,9.4,8.8,16.8,51.7,22.6,31.2,87.5,25977.0,41250.0,416.7,0.3,42.6,19.8,12.5,24.8,44.3,28.5,55.2,4.6,4.7,4.4,4.5,4.5
Baden-Württemberg,287,Konstanz,25.0,818.0,291.4,240.8,17.4,356.2,-3.1,19.0,16.8,8.8,13.1,32.1,18.2,16.2,83.8,4.3,511.1,89.6,45.8,569.2,6.9,42.6,6.4,4.0,8.6,6.8,17.0,47.0,29.2,33.6,88.7,25969.0,38647.0,368.1,1.1,27.4,24.6,16.3,30.6,46.8,28.4,54.0,4.2,4.6,3.8,2.7,4.6
Baden-Württemberg,288,Waldshut,50.0,1861.3,252.5,210.0,16.8,135.6,-3.9,18.4,17.6,7.0,11.7,33.0,19.8,9.3,90.7,3.7,507.5,97.1,49.3,635.4,6.4,40.0,7.9,3.3,9.3,5.8,18.7,51.5,24.0,31.4,97.2,26024.0,32294.0,322.1,0.8,36.5,25.6,10.8,26.4,39.5,29.1,55.4,4.0,4.2,3.8,3.3,4.4
Baden-Württemberg,289,Reutlingen,26.0,1092.5,293.4,241.4,17.7,268.6,-1.9,14.0,17.8,7.4,12.2,33.5,18.5,13.6,86.4,3.8,477.7,93.7,44.7,630.6,6.3,42.9,7.8,4.0,8.5,7.1,17.2,45.2,30.6,31.4,90.5,26034.0,42600.0,400.1,0.5,40.0,17.2,16.8,25.5,45.0,28.5,59.4,4.4,4.5,4.2,3.2,4.7
Baden-Württemberg,290,Tübingen,21.0,788.8,283.2,240.7,15.0,359.1,-0.4,13.1,17.0,9.9,14.5,31.8,17.7,16.7,83.3,4.0,466.0,95.7,44.6,579.9,6.5,38.6,6.7,3.0,9.0,6.7,14.7,38.3,40.3,37.0,92.2,25114.0,37534.0,390.9,1.5,28.4,17.0,13.8,39.4,38.2,28.7,58.8,3.5,3.7,3.2,2.3,3.9
Baden-Württemberg,291,Ulm,56.0,1477.2,330.8,269.0,18.7,223.9,-0.3,15.1,17.9,8.2,14.1,33.3,17.0,14.2,85.8,5.2,477.6,95.5,45.6,611.4,7.0,41.3,6.8,5.0,9.6,6.4,18.5,46.3,28.9,29.7,90.7,26057.0,52905.0,488.3,0.3,33.4,21.7,19.4,25.3,37.4,29.5,63.3,3.3,3.5,3.2,3.1,3.5
Baden-Württemberg,292,Biberach,49.0,1748.1,237.0,206.5,12.9,135.6,-0.4,15.8,18.9,7.2,12.5,34.0,18.1,11.9,88.1,6.2,467.8,105.3,49.3,664.3,6.0,39.3,7.3,4.6,9.8,6.1,20.8,51.1,22.0,26.3,93.2,25778.0,56551.0,436.6,0.7,51.9,15.8,11.4,20.1,28.5,28.1,59.7,2.6,2.7,2.6,2.7,2.7
Baden-Württemberg,293,Bodensee,27.0,860.5,242.7,204.2,15.9,282.0,-2.3,18.5,17.1,6.9,11.9,33.0,19.2,14.2,85.8,4.2,509.6,93.5,47.7,650.3,7.3,44.1,7.0,4.9,9.4,8.2,17.0,48.5,26.3,30.3,90.7,27599.0,51193.0,436.6,1.0,44.6,17.0,13.2,24.3,35.5,27.4,57.1,3.6,3.6,3.6,3.5,4.0
Baden-Württemberg,294,Ravensburg,35.0,1293.4,259.5,223.8,13.7,200.6,-1.3,14.8,17.7,7.9,12.9,33.1,18.2,11.9,88.1,5.9,474.2,95.8,45.4,647.1,6.0,46.0,8.1,4.7,10.4,6.9,15.1,52.8,25.2,27.2,92.2,25446.0,50374.0,435.8,0.7,36.8,19.4,14.1,28.9,34.4,28.0,52.9,3.0,3.1,2.8,2.4,3.3
Baden-Württemberg,295,Zollernalb   Sigmaringen,40.0,1656.3,254.3,218.1,14.2,153.5,-2.4,20.4,17.4,7.2,12.1,32.9,19.6,12.2,87.8,4.6,483.3,101.8,49.2,680.9,6.1,41.8,8.8,4.1,9.2,7.5,19.5,50.8,22.2,28.7,88.2,25619.0,39738.0,374.1,0.8,45.4,20.6,9.0,24.3,34.8,26.2,50.7,4.0,4.1,3.8,3.4,4.5
